YOW,Ottawa,Ottawa Macdonald-Cartier International Airport
SCQ,Santiago,Santiago de Compostela Airport
JRO,Kilimanjaro,Kilimanjaro International Airport
HNL,Honolulu,Honolulu International Airport
WLG,Wellington,Wellington International Airport
DFW,Dallas-Fort Worth,Dallas Fort Worth International Airport
SDF,Louisville,Louisville International Standiford Field
LWB,Lewisburg,Greenbrier Valley Airport
SDJ,Sendai,Sendai Airport
HOB,Hobbs,Lea County Regional Airport
SDQ,Santo Domingo,Las Americas International Airport
SDU,Rio De Janeiro,Santos Dumont Airport
LWO,Lvov,Lviv International Airport
HON,Huron,Huron Regional Airport
FKL,Franklin,Venango Regional Airport
LWS,Lewiston,Lewiston Nez Perce County Airport
BCI,Barcaldine,Barcaldine Airport
JST,Johnstown,John Murtha Johnstown Cambria County Airport
YQB,Quebec,Quebec Jean Lesage International Airport
BCN,Barcelona,Barcelona International Airport
DGO,Durango,General Guadalupe Victoria International Airport
SEA,Seattle,Seattle Tacoma International Airport
HOU,Houston,William P Hobby Airport
FKS,Fukushima,Fukushima Airport
YQM,Moncton,Greater Moncton International Airport
LXA,Lhasa,Lhasa Gonggar Airport
UIO,Quito,Mariscal Sucre International Airport
YQR,Regina,Regina International Airport
BDA,Bermuda,L.F. Wade International International Airport
BDB,Bundaberg,Bundaberg Airport
LXR,Luxor,Luxor International Airport
FLL,Fort Lauderdale,Fort Lauderdale Hollywood International Airport
HPN,White Plains,Westchester County Airport
SEZ,Mahe,Seychelles International Airport
JTR,Thira,Santorini Airport
FLN,Florianopolis,Hercilio Luz International Airport
DHN,Dothan,Dothan Regional Airport
BDL,Windsor Locks,Bradley International Airport
FLR,Florence,Peretola Airport
LYA,Luoyang,Luoyang Airport
JUB,Juba,Juba International Airport
LYG,Lianyungang,Lianyungang Airport
SFO,San Francisco,San Francisco International Airport
JUL,Juliaca,Inca Manco Capac International Airport
WNZ,Wenzhou,Wenzhou Yongqiang Airport
DIG,Shangri-La,Diqing Airport
BEG,Belgrade,Belgrade Nikola Tesla Airport
DIL,Dili,Presidente Nicolau Lobato International Airport
FMN,Farmington,Four Corners Regional Airport
LYS,Lyon,Lyon Saint-Exupery Airport
DIK,Dickinson,Dickinson Theodore Roosevelt Regional Airport
BEL,Belem,Val de Cans/Julio Cezar Ribeiro International Airport
FMO,Munster,Munster Osnabruck Airport
BEN,Benghazi,Benina International Airport
UKB,Kobe,Kobe Airport
BES,Brest,Brest Bretagne Airport
SGF,Springfield,Springfield Branson National Airport
DIY,Diyabakir,Diyarbakir Airport
BEY,Beirut,Beirut Rafic Hariri International Airport
FNA,Freetown,Lungi International Airport
HRB,Harbin,Taiping Airport
HRE,Harare,Harare International Airport
SGN,Ho Chi Minh City,Tan Son Nhat International Airport
LZH,Liuzhou,Liuzhou Bailian Airport
HRG,Hurghada,Hurghada International Airport
SGU,Saint George,St George Municipal Airport
LZO,Luzhou,Luzhou Airport
BFD,Bradford,Bradford Regional Airport
HRL,Harlingen,Valley International Airport
BFJ,Bijie,Bijie Feixiong Airport
BFL,Bakersfield,Meadows Field
SHB,Nakashibetsu,Nakashibetsu Airport
SHA,Shanghai,Shanghai Hongqiao International Airport
FNT,Flint,Bishop International Airport
BFS,Belfast,Belfast International Airport
SHD,Weyers Cave,Shenandoah Valley Regional Airport
SHE,Shenyang,Taoxian Airport
SHJ,Sharjah,Sharjah International Airport
ULN,Ulan Bator,Chinggis Khaan International Airport
FOC,Fuzhou,Fuzhou Changle International Airport
FOE,Topeka,Topeka Regional Airport - Forbes Field
HSG,Saga,Saga Airport
YTY,Yangzhou,Yangzhou Taizhou Airport
BGF,Bangui,Bangui M'Poko International Airport
SHV,Shreveport,Shreveport Regional Airport
HSN,Zhoushan,Zhoushan Airport
BGI,Bridgetown,Sir Grantley Adams International Airport
FOR,Fortaleza,Pinto Martins International Airport
BGM,Binghamton,Greater Binghamton/Edwin A Link field
DKR,Dakar,Leopold Sedar Senghor International Airport
HSV,Huntsville,Huntsville International Carl T Jones Field
BGO,Bergen,Bergen Airport Flesland
BGR,Bangor,Bangor International Airport
YUM,Yuma,Yuma MCAS/Yuma International Airport
YUL,Montreal,Montreal / Pierre Elliott Trudeau International Airport
JXA,Jixi,Jixi Xingkaihu Airport
BGW,Baghdad,Baghdad International Airport
DLA,Douala,Douala International Airport
OAK,Oakland,Metropolitan Oakland International Airport
SIN,Singapore,Singapore Changi Airport
OAJ,Jacksonville NC,Albert J Ellis Airport
DLC,Dalian,Zhoushuizi Airport
HTI,Hamilton Island,Hamilton Island Airport
BHD,Belfast,George Best Belfast City Airport
SIT,Sitka,Sitka Rocky Gutierrez Airport
DLH,Duluth,Duluth International Airport
HTN,Hotan,Hotan Airport
DLM,Dalaman,Dalaman International Airport
FPO,Freeport,Grand Bahama International Airport
BHM,Birmingham,Birmingham-Shuttlesworth International Airport
OAX,Oaxaca,Xoxocotlan International Airport
SJD,San Jose Del Cabo,Los Cabos International Airport
DLU,Dali,Dali Airport
HTY,Hatay,Hatay Airport
SJC,San Jose,Norman Y. Mineta San Jose International Airport
WRL,Worland,Worland Municipal Airport
SJJ,Sarajevo,Sarajevo International Airport
BHY,Beihai,Beihai Airport
BHX,Birmingham,Birmingham International Airport
YVR,Vancouver,Vancouver International Airport
WRO,Wroclaw,Copernicus Wroclaw Airport
SJP,Sao Jose Do Rio Preto,Prof. Eribelto Manoel Reino State Airport
SJO,San Jose,Juan Santamaria International Airport
BIA,Bastia,Bastia-Poretta Airport
OBO,Obihiro,Tokachi-Obihiro Airport
DME,Moscow,Domodedovo International Airport
SJU,San Juan,Luis Munoz Marin International Airport
SJW,Shijiazhuang,Shijiazhuang Daguocun International Airport
BIL,Billings,Billings Logan International Airport
DMM,Dammam,King Fahd International Airport
BIM,Alice Town,South Bimini Airport
YWG,Winnipeg,Winnipeg / James Armstrong Richardson International Airport
BIO,Bilbao,Bilbao Airport
HUX,Huatulco,Bahias de Huatulco International Airport
BIQ,Biarritz-bayonne,Biarritz-Anglet-Bayonne Airport
SKB,Basse Terre,Robert L. Bradshaw International Airport
HUY,Humberside,Humberside Airport
BIS,Bismarck,Bismarck Municipal Airport
SKG,Thessaloniki,Thessaloniki Macedonia International Airport
FRA,Frankfurt,Frankfurt am Main International Airport
HVB,Hervey Bay,Hervey Bay Airport
SKP,Skopje,Skopje Alexander the Great Airport
SKT,Sialkot,Sialkot Airport
DNH,Dunhuang,Dunhuang Airport
DNK,Dnepropetrovsk,Dnipropetrovsk International Airport
BJI,Bemidji,Bemidji Regional Airport
BJM,Bujumbura,Bujumbura International Airport
BJL,Banjul,Banjul International Airport
YXE,Saskatoon,Saskatoon John G. Diefenbaker International Airport
FRU,Bishkek,Manas International Airport
SLC,Salt Lake City,Salt Lake City International Airport
BJV,Bodrum,Milas Bodrum International Airport
DNZ,Denizli,Cardak Airport
BJX,Del Bajio,Del Bajio International Airport
SLL,Salalah,Salalah Airport
SLP,San Luis Potosi,Ponciano Arriaga International Airport
FSD,Sioux Falls,Joe Foss Field Airport
YXU,London,London Airport
FSC,Figari,Figari Sud-Corse Airport
DOH,Doha,Doha International Airport
SLU,Castries,George F. L. Charles Airport
SLW,Saltillo,Plan De Guadalupe International Airport
ODS,Odessa,Odessa International Airport
DOL,Deauville,Deauville-Saint-Gatien Airport
SLZ,Sao Luis,Marechal Cunha Machado International Airport
DOK,Donetsk,Donetsk International Airport
BKI,Kota Kinabalu,Kota Kinabalu International Airport
FSM,Fort Smith,Fort Smith Regional Airport
YYC,Calgary,Calgary International Airport
BKK,Bangkok,Suvarnabhumi Airport
BKO,Bamako,Senou Airport
BKQ,Blackall,Blackall Airport
YYJ,Victoria,Victoria International Airport
WUH,Wuhan,Wuhan Tianhe International Airport
MAA,Madras,Chennai International Airport
SMF,Sacramento,Sacramento International Airport
MAB,Maraba,Joao Correa da Rocha Airport
BKW,Beckley,Raleigh County Memorial Airport
MAD,Madrid,Adolfo Suarez Madrid-Barajas Airport
MAF,Midland,Midland International Airport
WUS,Wuyishan,Nanping Wuyishan Airport
YYT,St. John's,St. John's International Airport
MAH,Menorca,Menorca Airport
FTE,El Calafate,El Calafate Airport
MAJ,Majuro,Marshall Islands International Airport
MAO,Manaus,Eduardo Gomes International Airport
YYZ,Toronto,Lester B. Pearson International Airport
MAN,Manchester,Manchester Airport
WUX,Wuxi,Sunan Shuofang International Airport
SMX,Santa Maria,Santa Maria Pub/Capt G Allan Hancock Field
DPO,Devonport,Devonport Airport
BLL,Billund,Billund Airport
BLQ,Bologna,Bologna Guglielmo Marconi Airport
DPS,Denpasar,Ngurah Rai (Bali) International Airport
URC,Urumqi,Urumqi Diwopu International Airport
SNA,Santa Ana,John Wayne Airport-Orange County Airport
BLR,Bangalore,Kempegowda International Airport
MBA,Mombasa,Mombasa Moi International Airport
MBE,Monbetsu,Monbetsu Airport
SNN,Shannon,Shannon Airport
HYD,Hyderabad,Begumpet Airport
MBJ,Montego Bay,Sangster International Airport
BMA,Stockholm,Stockholm-Bromma Airport
FUG,Fuyang,Fuyang Xiguan Airport
FUJ,Fukue,Fukue Airport
BME,Broome,Broome International Airport
FUK,Fukuoka,Fukuoka Airport
BMI,Bloomington,Central Illinois Regional Airport at Bloomington-Normal
MBS,Saginaw,MBS International Airport
SOF,Sofia,Sofia Airport
USH,Ushuaia,Malvinas Argentinas Airport
USM,Ko Samui,Samui Airport
OGG,Kahului,Kahului Airport
MCI,Kansas City,Kansas City International Airport
SON,Santo,Santo Pekoa International Airport
BNA,Nashville,Nashville International Airport
HZH,Liping,Liping Airport
SOU,Southampton,Southampton Airport
BNE,Brisbane,Brisbane International Airport
MCO,Orlando,Orlando International Airport
SOW,Show Low,Show Low Regional Airport
MCP,Macapa,Alberto Alcolumbre Airport
MCT,Muscat,Muscat International Airport
DRO,Durango,Durango La Plata County Airport
DRS,Dresden,Dresden Airport
MCZ,Maceio,Zumbi dos Palmares Airport
DRW,Darwin,Darwin International Airport
WXN,Wanxian,Wanxian Airport
SPI,Springfield,Abraham Lincoln Capital Airport
OHE,Mohe County,Gu-Lian Airport
MDE,Rio Negro,Jose Maria Cordova International Airport
SPN,Saipan,Saipan International Airport
MDG,Mudanjiang,Mudanjiang Hailang International Airport
FWA,Fort Wayne,Fort Wayne International Airport
MDL,Mandalay,Mandalay International Airport
BOD,Bordeaux,Bordeaux-Merignac Airport
SPU,Split,Split Airport
BOG,Bogota,El Dorado International Airport
MDT,Harrisburg,Harrisburg International Airport
BOI,Boise,Boise Air Terminal/Gowen field
DSN,Dongsheng,Ordos Ejin Horo Airport
DSM,Des Moines,Des Moines International Airport
BON,Kralendijk,Flamingo International Airport
BOM,Mumbai,Chhatrapati Shivaji International Airport
MDW,Chicago,Chicago Midway International Airport
BOS,Boston,General Edward Lawrence Logan International Airport
MED,Madinah,Prince Mohammad Bin Abdulaziz Airport
OIM,Oshima,Oshima Airport
MEM,Memphis,Memphis International Airport
MEL,Melbourne,Melbourne International Airport
KAN,Kano,Mallam Aminu International Airport
OIT,Oita,Oita Airport
DTM,Dortmund,Dortmund Airport
MEX,Mexico City,Licenciado Benito Juarez International Airport
UVF,Hewandorra,Hewanorra International Airport
BPS,Porto Seguro,Porto Seguro Airport
DTW,Detroit,Detroit Metropolitan Wayne County Airport
MFE,Mcallen,Mc Allen Miller International Airport
DUB,Dublin,Dublin Airport
SRQ,Sarasota,Sarasota Bradenton International Airport
KBL,Kabul,Kabul International Airport
MFM,Macau,Macau International Airport
KBP,Kiev,Boryspil International Airport
MFR,Medford,Rogue Valley International Medford Airport
DUJ,Du Bois,DuBois Regional Airport
BQK,Brunswick,Brunswick Golden Isles Airport
BQN,Aguadilla,Rafael Hernandez Airport
KBV,Krabi,Krabi Airport
DUR,Durban,King Shaka International Airport
SSA,Salvador,Deputado Luiz Eduardo Magalhaes International Airport
DUS,Duesseldorf,Dusseldorf International Airport
OKA,Okinawa,Naha Airport
SSG,Malabo,Malabo Airport
MGA,Managua,Augusto C. Sandino (Managua) International Airport
OKC,Oklahoma City,Will Rogers World Airport
KCA,Kuqa,Kuqa Airport
SSH,Sharm El Sheikh,Sharm El Sheikh International Airport
MGF,Maringa,Regional de Maringa - Silvio Nane Junior Airport
OKJ,Okayama,Okayama Airport
KCH,Kuching,Kuching International Airport
MGM,MONTGOMERY,Montgomery Regional (Dannelly Field) Airport
BRE,Bremen,Bremen Airport
KCM,Kahramanmaras,Kahramanmaras Airport
BRD,Brainerd,Brainerd Lakes Regional Airport
MGQ,Mogadishu,Aden Adde International Airport
BRI,Bari,Bari Karol Wojtyla Airport
ZAD,Zadar,Zemunik Airport
MGW,Morgantown,Morgantown Municipal Walter L. Bill Hart Field
BRO,Brownsville,Brownsville South Padre Island International Airport
ZAG,Zagreb,Zagreb Airport
BRS,Bristol,Bristol Airport
KCZ,Kochi,Kochi Ryoma Airport
STC,Saint Cloud,St Cloud Regional Airport
BRU,Brussels,Brussels Airport
OLB,Olbia,Olbia Costa Smeralda Airport
MHD,Mashhad,Mashhad International Airport
STI,Santiago,Cibao International Airport
STL,St. Louis,Lambert St Louis International Airport
MHH,Marsh Harbor,Marsh Harbour International Airport
ZAT,Zhaotong,Zhaotong Airport
STM,Santarem,Maestro Wilson Fonseca Airport
STR,Stuttgart,Stuttgart Airport
BSB,Brasilia,Presidente Juscelino Kubistschek International Airport
DWC,Dubai,Al Maktoum International Airport
STT,St. Thomas,Cyril E. King Airport
OLP,Olympic Dam,Olympic Dam Airport
STW,Stavropol,Stavropol Shpakovskoye Airport
MHT,Manchester NH,Manchester Airport
BSL,Mulhouse,EuroAirport Basel-Mulhouse-Freiburg Airport
BSR,Basrah,Basrah International Airport
SUB,Surabaya,Juanda International Airport
OMA,Omaha,Eppley Airfield
MIA,Miami,Miami International Airport
SUF,Lamezia,Lamezia Terme Airport
MID,Merida,Licenciado Manuel Crescencio Rejon Int Airport
MIG,Mianyang,Mianyang Airport
UYN,Yulin,Yulin Yuyang Airport
IAD,Washington,Washington Dulles International Airport
DXB,Dubai,Dubai International Airport
IAH,Houston,George Bush Intercontinental Houston Airport
BTM,Butte,Bert Mooney Airport
BTS,Bratislava,M. R. Stefanik Airport
SVG,Stavanger,Stavanger Airport Sola
BTV,Burlington,Burlington International Airport
ONJ,Odate Noshiro,Odate Noshiro Airport
SVO,Moscow,Sheremetyevo International Airport
SVQ,Sevilla,Sevilla Airport
QRO,Queretaro,Queretaro Intercontinental Airport
BUD,Budapest,Budapest Ferenc Liszt International Airport
BUF,Buffalo,Buffalo Niagara International Airport
DYG,Dayong,Dayong Airport
SVX,Yekaterinburg,Koltsovo Airport
ONT,Ontario,Ontario International Airport
KFS,Kastamonu,Kastamonu Airport
SWA,Shantou,Jieyang Chaoshan International Airport
BUR,Burbank,Bob Hope Airport
IBZ,Ibiza,Ibiza Airport
DYU,Dushanbe,Dushanbe Airport
BUS,Batumi,Batumi International Airport
SWF,Newburgh,Stewart International Airport
MKE,Milwaukee,General Mitchell International Airport
MKG,Muskegon,Muskegon County Airport
DZA,Dzaoudzi,Dzaoudzi Pamandzi International Airport
KGI,Kalgoorlie,Kalgoorlie Boulder Airport
OOL,Coolangatta,Gold Coast Airport
BVB,Boa Vista,Atlas Brasil Cantanhede Airport
BVE,Brive,Toul Rosieres Air Base
KGL,Kigali,Kigali International Airport
ICN,Seoul,Incheon International Airport
MKY,Mackay,Mackay Airport
ICT,Wichita,Wichita Mid Continent Airport
SXB,Strasbourg,Strasbourg Airport
MLB,Melbourne,Melbourne International Airport
MLA,Malta,Malta International Airport
MLE,Male,Male International Airport
IDA,Idaho Falls,Idaho Falls Regional Airport
SXM,Philipsburg,Princess Juliana International Airport
KHH,Kaohsiung,Kaohsiung International Airport
KHG,Kashi,Kashgar Airport
MLI,Moline,Quad City International Airport
KHI,Karachi,Jinnah International Airport
OPO,Porto,Francisco de Sa Carneiro Airport
MLM,Morelia,General Francisco J. Mujica International Airport
KHN,Nanchang,Nanchang Changbei International Airport
BWI,Baltimore,Baltimore/Washington International Thurgood Marshall Airport
MLU,Monroe,Monroe Regional Airport
MLX,Malatya,Malatya Tulga Airport
KHV,Khabarovsk,Khabarovsk-Novy Airport
SYD,Sydney,Sydney Kingsford Smith International Airport
MMB,Memanbetsu,Memanbetsu Airport
MME,Teesside,Durham Tees Valley Airport
SYM,Simao,Pu'er Simao Airport
SYO,Shonai,Shonai Airport
SYR,Syracuse,Syracuse Hancock International Airport
KIJ,Niigata,Niigata Airport
KIN,Kingston,Norman Manley International Airport
SYX,Sanya,Sanya Phoenix International Airport
SYZ,Shiraz,Shiraz Shahid Dastghaib International Airport
MMY,Miyako,Miyako Airport
KIV,Chisinau,Chisinau International Airport
KIX,Osaka,Kansai International Airport
ORD,Chicago,Chicago O'Hare International Airport
SZG,Salzburg,Salzburg Airport
ORF,Norfolk,Norfolk International Airport
ORN,Oran,Es Senia Airport
MNL,Manila,Ninoy Aquino International Airport
IFN,Esfahan,Esfahan Shahid Beheshti International Airport
SZX,Shenzhen,Shenzhen Bao'an International Airport
ZHA,Zhanjiang,Zhanjiang Airport
ORY,Paris,Paris-Orly Airport
MOB,Mobile,Mobile Regional Airport
MOD,Modesto,Modesto City Co-Harry Sham Field
GCC,Gillette,Gillette Campbell County Airport
OSL,Oslo,Oslo Gardermoen Airport
KKJ,Kitakyushu,Kitakyushu Airport
BZE,Belize City,Philip S. W. Goldson International Airport
OSS,Osh,Osh Airport
GCM,Georgetown,Owen Roberts International Airport
MOT,Minot,Minot International Airport
MOV,Moranbah,Moranbah Airport
IGU,Foz Do Iguacu,Cataratas International Airport
BZN,Bozeman,Gallatin Field
ZIH,Zihuatanejo,Ixtapa Zihuatanejo International Airport
BZV,Brazzaville,Maya-Maya Airport
VAN,Van,Van Ferit Melen Airport
OTH,North Bend,Southwest Oregon Regional Airport
MPL,Montpellier,Montpellier-Mediterranee Airport
VAS,Sivas,Sivas Nuri Demirag Airport
OTP,Bucharest,Henri Coanda International Airport
MPM,Maputo,Maputo Airport
GDL,Guadalajara,Don Miguel Hidalgo Y Costilla International Airport
GDN,Gdansk,Gdansk Lech Walesa Airport
KLX,Kalamata,Kalamata Airport
OUA,Ouagadougou,Ouagadougou Airport
XFN,Xiangfan,Xiangyang Liuji Airport
KMG,Kunming,Kunming Changshui International Airport
KMI,Miyazaki,Miyazaki Airport
GEG,Spokane,Spokane International Airport
MQM,Mardin,Mardin Airport
KMJ,Kumamoto,Kumamoto Airport
MQL,Mildura,Mildura Airport
KMQ,Kanazawa,Komatsu Airport
MQT,Gwinn,Sawyer International Airport
GET,Geraldton,Geraldton Airport
EAU,Eau Claire,Chippewa Valley Regional Airport
VCE,Venice,Venice Marco Polo Airport
OVB,Novosibirsk,Tolmachevo Airport
VCP,Campinas,Viracopos International Airport
EBB,Entebbe,Entebbe International Airport
GFK,Grand Forks,Grand Forks International Airport
EBL,Erbil,Erbil International Airport
MRS,Marseille,Marseille Provence Airport
MRU,Plaisance,Sir Seewoosagur Ramgoolam International Airport
KNX,Kununurra,Kununurra Airport
MRZ,Moree,Moree Airport
MRY,Monterey,Monterey Peninsula Airport
EBU,St-Etienne,Saint-Etienne-Boutheon Airport
ZLO,Manzanillo,Playa De Oro International Airport
KOA,Kona,Kona International At Keahole Airport
IKA,Tehran,Imam Khomeini International Airport
IKI,Iki,Iki Airport
KOJ,Kagoshima,Kagoshima Airport
MSO,Missoula,Missoula International Airport
MSN,Madison,Dane County Regional Truax Field
MSQ,Minsk 2,Minsk National Airport
MSP,Minneapolis,Minneapolis-St Paul International/Wold-Chamberlain Airport
MSR,Mus,Mus Airport
ECN,Nicosia,Ercan International Airport
MSY,New Orleans,Louis Armstrong New Orleans International Airport
KOW,Ganzhou,Ganzhou Airport
ECP,Panama City,Northwest Florida Beaches International Airport
TAB,Scarborough,Tobago-Crown Point Airport
GGT,Great Exuma,Exuma International Airport
XIL,Xilinhot,Xilinhot Airport
VEL,Vernal,Vernal Regional Airport
TAK,Takamatsu,Takamatsu Airport
GHB,Governor's Harbor,Governor's Harbour Airport
TAM,Tampico,General Francisco Javier Mina International Airport
VER,Vera Cruz,General Heriberto Jara International Airport
MTJ,Montrose CO,Montrose Regional Airport
TAO,Qingdao,Liuting Airport
TAS,Tashkent,Tashkent International Airport
XIY,Xi'an,Xi'an Xianyang International Airport
EDI,Edinburgh,Edinburgh Airport
ILM,Wilmington,Wilmington International Airport
VFA,Victoria Falls,Victoria Falls International Airport
ZNE,Newman,Newman Airport
MTY,Monterrey,General Mariano Escobedo International Airport
MUC,Munich,Munich International Airport
GIB,Gibraltar,Gibraltar Airport
GIG,Rio De Janeiro,Rio Galeao - Tom Jobim International Airport
TBS,Tbilisi,Tbilisi International Airport
CAE,Columbia,Columbia Metropolitan Airport
ZNZ,Zanzibar,Abeid Amani Karume International Airport
CAG,Cagliari,Cagliari Elmas Airport
CAI,Cairo,Cairo International Airport
CAK,Akron,Akron Canton Regional Airport
TBZ,Tabriz,Tabriz International Airport
IMP,Imperatriz,Prefeito Renato Moreira Airport
CAN,Guangzhou,Guangzhou Baiyun International Airport
IMT,Iron Mountain,Ford Airport
TCB,Treasure Cay,Treasure Cay Airport
TCG,Tacheng,Tacheng Airport
CAY,Cayenne,Cayenne-Rochambeau Airport
MVD,Montevideo,Carrasco International /General C L Berisso Airport
IND,Indianapolis,Indianapolis International Airport
VGO,Vigo,Vigo Airport
INC,Yinchuan,Yinchuan Airport
KRL,Korla,Korla Airport
KRK,Krakow,John Paul II International Airport Krakow-Balice Airport
INL,International Falls,Falls International Airport
INN,Innsbruck,Innsbruck Airport
KRT,Khartoum,Khartoum International Airport
KRS,Kristiansand,Kristiansand Airport
GJT,Grand Junction,Grand Junction Regional Airport
CBR,Canberra,Canberra International Airport
KRY,Karamay,Karamay Airport
KSA,Kosrae,Kosrae International Airport
KSC,Kosice,Kosice Airport
EGC,Bergerac,Bergerac-Roumaniere Airport
KSH,Bakhtaran,Shahid Ashrafi Esfahani Airport
EGE,Vail,Eagle County Regional Airport
IOM,Isle Of Man,Isle of Man Airport
CCJ,Calicut,Calicut International Airport
IOS,Ilheus,Bahia - Jorge Amado Airport
KSY,Kars,Kars Airport
CCS,Caracas,Simon Bolivar International Airport
VIE,Vienna,Vienna International Airport
CCU,Kolkata,Netaji Subhash Chandra Bose International Airport
ZQN,Queenstown International,Queenstown International Airport
XMN,Xiamen,Xiamen Gaoqi International Airport
KTA,Karratha,Karratha Airport
TEN,Tongren,Tongren Fenghuang Airport
GLA,Glasgow,Glasgow International Airport
RAK,Marrakech,Menara Airport
RAP,Rapid City,Rapid City Regional Airport
RAO,Ribeirao Preto,Leite Lopes Airport
TEQ,Corlu,Tekirdag Corlu Airport
CDC,Cedar City,Cedar City Regional Airport
MXP,Milano,Malpensa International Airport
VIX,Vitoria,Eurico de Aguiar Salles Airport
KTN,Ketchikan,Ketchikan International Airport
KTM,Kathmandu,Tribhuvan International Airport
CDG,Paris,Charles de Gaulle International Airport
KTT,Kittila,Kittila Airport
XNA,Bentonville,Northwest Arkansas Regional Airport
GLT,Gladstone,Gladstone Airport
MXZ,Meixian,Meixian Airport
KTW,Katowice,Katowice International Airport
RBA,Rabat,Rabat-Sale Airport
CDR,Chadron,Chadron Municipal Airport
ZRH,Zurich,Zurich Airport
XNN,Xining,Xining Caojiabu Airport
KUF,Samara,Kurumoch International Airport
MYJ,Matsuyama,Matsuyama Airport
KUH,Kushiro,Kushiro Airport
TFS,Tenerife,Tenerife South Airport
CEC,Crescent City,Jack Mc Namara Field Airport
CEB,Cebu,Mactan Cebu International Airport
RBR,Rio Branco,Placido de Castro Airport
KUL,Kuala Lumpur,Kuala Lumpur International Airport
CEI,Chiang Rai,Chiang Rai International Airport
MYR,Myrtle Beach,Myrtle Beach International Airport
IQQ,Iquique,Diego Aracena Airport
GMP,Seoul,Gimpo International Airport
AAL,Aalborg,Aalborg Airport
MYY,Miri,Miri Airport
ZSE,St.-pierre,Pierrefonds Airport
EIS,Tortola,Terrance B. Lettsome International Airport
TGD,Podgorica,Podgorica Airport
AAR,Aarhus,Aarhus Airport
KVD,Ganja,Ganja Airport
MZH,Merzifon,Amasya Merzifon Airport
VKO,Moscow,Vnukovo International Airport
GND,Point Salines,Point Salines International Airport
TGO,Tongliao,Tongliao Airport
CFE,Clermont-Ferrand,Clermont-Ferrand Auvergne Airport
TGU,Tegucigalpa,Toncontin International Airport
MZR,Mazar-i-sharif,Mazar I Sharif Airport
ABE,Allentown,Lehigh Valley International Airport
ABJ,Abidjan,Port Bouet Airport
VLC,Valencia,Valencia Airport
GNV,Gainesville,Gainesville Regional Airport
VLD,Valdosta,Valdosta Regional Airport
THE,Teresina,Senador Petronio Portela Airport
ABQ,Albuquerque,Albuquerque International Sunport Airport
CFS,Coff's Harbour,Coffs Harbour Airport
ABR,Aberdeen,Aberdeen Regional Airport
VLI,Port-vila,Bauerfield International Airport
RDD,Redding,Redding Municipal Airport
GNY,Sanliurfa,Sanliurfa GAP Airport
KWA,Kwajalein,Bucholz Army Air Field
ABV,Abuja,Nnamdi Azikiwe International Airport
ISA,Mount Isa,Mount Isa Airport
ABX,Albury,Albury Airport
GOA,Genoa,Genoa Cristoforo Colombo Airport
KWE,Guiyang,Longdongbao Airport
ABY,Albany,Southwest Georgia Regional Airport
ABZ,Aberdeen,Aberdeen Dyce Airport
ISB,Islamabad,Benazir Bhutto International Airport
RDM,Redmond-Bend,Roberts Field
ISE,Isparta,Suleyman Demirel International Airport
KWI,Kuwait,Kuwait International Airport
ISG,Ishigaki,Ishigaki Airport
ACA,Acapulco,General Juan N Alvarez International Airport
CGB,Cuiaba,Marechal Rondon Airport
GOI,Goa,Dabolim Airport
ACC,Accra,Kotoka International Airport
KWL,Guilin,Guilin Liangjiang International Airport
CGD,Changde,Changde Airport
RDU,Raleigh-durham,Raleigh Durham International Airport
ACE,Arrecife,Lanzarote Airport
GOJ,Nizhniy Novgorod,Nizhny Novgorod Strigino International Airport
CGH,Sao Paulo,Congonhas Airport
ISN,Williston,Sloulin Field International Airport
CGK,Jakarta,Soekarno-Hatta International Airport
EKO,Elko,Elko Regional Airport
CGO,Zhengzhou,Zhengzhou Xinzheng International Airport
ISU,Sulaymaniyah,Sulaymaniyah International Airport
CGN,Cologne,Cologne Bonn Airport
IST,Istanbul,Ataturk International Airport
CGQ,Changchun,Longjia Airport
ZUH,Zhuhai,Zhuhai Jinwan Airport
GOT,Gothenborg,Gothenburg-Landvetter Airport
TIA,Tirana,Tirana International Airport Mother Teresa
CGR,Campo Grande,Campo Grande Airport
GOV,Gove,Gove Airport
TIF,Taif,Ta'if Regional Airport
REC,Recife,Guararapes - Gilberto Freyre International Airport
PAD,Paderborn,Paderborn Lippstadt Airport
ACV,Arcata CA,Arcata Airport
PAH,PADUCAH,Barkley Regional Airport
ACX,Xingyi,Xingyi Airport
ACY,Atlantic City,Atlantic City International Airport
TIP,Tripoli,Tripoli International Airport
REP,Siem-reap,Siem Reap International Airport
ITH,Ithaca,Ithaca Tompkins Regional Airport
CHA,Chattanooga,Lovell Field
ADA,Adana,Adana Airport
PAP,Port-au-prince,Toussaint Louverture International Airport
ADB,Izmir,Adnan Menderes International Airport
CHC,Christchurch,Christchurch International Airport
ELH,North Eleuthera,North Eleuthera Airport
ADD,Addis Ababa,Addis Ababa Bole International Airport
ADE,Aden,Aden International Airport
ITM,Osaka,Osaka International Airport
ADF,Adiyaman,Adiyaman Airport
ITO,Hilo,Hilo International Airport
ELM,Elmira,Elmira Corning Regional Airport
ELP,El Paso,El Paso International Airport
ADL,Adelaide,Adelaide International Airport
GPT,Gulfport,Gulfport Biloxi International Airport
ELQ,Gassim,Gassim Airport
CHO,Charlottesville VA,Charlottesville Albemarle Airport
CHS,Charleston,Charleston Air Force Base-International Airport
PBC,Puebla,Hermanos Serdan International Airport
KYA,Konya,Konya Airport
PBI,West Palm Beach,Palm Beach International Airport
VNO,Vilnius,Vilnius International Airport
PBM,Zandery,Johan Adolf Pengel International Airport
CIC,Chico,Chico Municipal Airport
PBO,Paraburdoo,Paraburdoo Airport
EMD,Emerald,Emerald Airport
CID,Cedar Rapids,The Eastern Iowa Airport
CIH,Changzhi,Changzhi Airport
AEP,Buenos Aires,Jorge Newbery Airpark
AER,Sochi,Sochi International Airport
CIU,Sault Ste Marie,Chippewa County International Airport
AES,Alesund,Alesund Airport
AEX,Alexandria,Alexandria International Airport
TKK,Chuuk,Chuuk International Airport
GRB,Green Bay,Austin Straubel International Airport
RGN,Yangon,Yangon International Airport
TKS,Tokushima,Tokushima Airport
IVL,Ivalo,Ivalo Airport
KZN,Kazan,Kazan International Airport
ENH,Enshi,Enshi Airport
GRK,Killeen,Robert Gray  Army Air Field Airport
KZR,Kutahya,Zafer Airport
GRR,Grand Rapids,Gerald R. Ford International Airport
GRU,Sao Paulo,Guarulhos - Governador Andre Franco Montoro International Airport
GRX,Granada,Federico Garcia Lorca Airport
GRZ,Graz,Graz Airport
CJU,Cheju,Jeju International Airport
TLH,Tallahassee,Tallahassee Regional Airport
ENY,Yan'an,Yan'an Ershilipu Airport
RHI,Rhinelander,Rhinelander Oneida County Airport
TLL,Tallinn-ulemiste International,Lennart Meri Tallinn Airport
TLN,Hyeres,Toulon-Hyeres Airport
VPS,Valparaiso,Destin-Ft Walton Beach Airport
TLS,Toulouse,Toulouse-Blagnac Airport
CKB,Clarksburg,North Central West Virginia Airport
IWJ,Iwami,Iwami Airport
CKG,Chongqing,Chongqing Jiangbei International Airport
TLV,Tel-aviv,Ben Gurion International Airport
GSO,Greensboro,Piedmont Triad International Airport
PDX,Portland,Portland International Airport
GSP,Greenville,Greenville Spartanburg International Airport
AGP,Malaga,Malaga Airport
ZYI,Zunyi,Zunyi Xinzhou Airport
RIC,Richmond,Richmond International Airport
AGS,Bush Field,Augusta Regional At Bush Field
AGT,Ciudad del Este,Guarani International Airport
AGU,Aguascalientes,Jesus Teran Paredo International Airport
CKY,Conakry,Conakry International Airport
CKZ,Canakkale,Canakkale Airport
NAJ,Nakhchivan,Nakhchivan Airport
PEK,Beijing,Beijing Capital International Airport
PEN,Penang,Penang International Airport
GTF,Great Falls,Great Falls International Airport
NAN,Nandi,Nadi International Airport
CLD,Carlsbad,Mc Clellan-Palomar Airport
TMS,Sao Tome,Sao Tome International Airport
NAP,Naples,Naples International Airport
PER,Perth,Perth International Airport
XUZ,Xuzhou,Xuzhou Guanyin Airport
CLE,Cleveland,Cleveland Hopkins International Airport
NAO,Nanchong,Nanchong Airport
PET,Pelotas,Joao Simoes Lopes Neto International Airport
TMW,Tamworth,Tamworth Airport
CLJ,Cluj-napoca,Cluj-Napoca International Airport
NAT,Natal,Governador Aluizio Alves International Airport
RIX,Riga,Riga International Airport
NAS,Nassau,Lynden Pindling International Airport
CLL,College Station,Easterwood Field
NAV,Nevsehir,Nevsehir Kapadokya Airport
PEW,Peshawar,Peshawar International Airport
GTR,Columbus Mississippi,Golden Triangle Regional Airport
TNA,Jinan,Yaoqiang Airport
CLO,Cali,Alfonso Bonilla Aragon International Airport
CLT,Charlotte,Charlotte Douglas International Airport
CLY,Calvi,Calvi-Sainte-Catherine Airport
GUA,Guatemala City,La Aurora Airport
VRN,Villafranca,Verona Villafranca Airport
GUC,Gunnison,Gunnison Crested Butte Regional Airport
PFO,Paphos,Paphos International Airport
TNR,Antananarivo,Ivato Airport
CMB,Colombo,Bandaranaike International Colombo Airport
AIA,Alliance,Alliance Municipal Airport
CME,Ciudad Del Carmen,Ciudad del Carmen International Airport
NBO,Nairobi,Jomo Kenyatta International Airport
GUM,Agana,Antonio B. Won Pat International Airport
CMH,Columbus,Port Columbus International Airport
CMN,Casablanca,Mohammed V International Airport
VSA,Villahermosa,Carlos Rovirosa Perez International Airport
PGA,Page,Page Municipal Airport
CMX,Hancock,Houghton County Memorial Airport
NCE,Nice,Nice-Cote d'Azur Airport
GVA,Geneva,Geneva Cointrin International Airport
NCL,Newcastle,Newcastle Airport
ERC,Erzincan,Erzincan Airport
AJA,Ajaccio,Ajaccio-Napoleon Bonaparte Airport
CND,Constanta,Mihail Kogalniceanu International Airport
TOS,Tromso,Tromso Airport
CNF,Belo Horizonte,Tancredo Neves International Airport
RKS,Rock Springs,Rock Springs Sweetwater County Airport
ERI,Erie,Erie International Tom Ridge Field
CNJ,Cloncurry,Cloncurry Airport
TOY,Toyama,Toyama Airport
AJI,Agri,Agri Airport
TPA,Tampa,Tampa International Airport
TPE,Taipei,Taiwan Taoyuan International Airport
CNS,Cairns,Cairns International Airport
PHC,Port Hartcourt,Port Harcourt International Airport
RLG,Laage,Rostock-Laage Airport
ERZ,Erzurum,Erzurum International Airport
AJU,Aracaju,Santa Maria Airport
PHE,Port Hedland,Port Hedland International Airport
CNX,Chiang Mai,Chiang Mai International Airport
PHF,Newport News,Newport News Williamsburg International Airport
CNY,Moab,Canyonlands Field
NDG,Qiqihar,Qiqihar Sanjiazi Airport
ESC,Escanaba,Delta County Airport
NDJ,N'djamena,N'Djamena International Airport
ESB,Ankara,Esenboga International Airport
PHL,Philadelphia,Philadelphia International Airport
COD,Cody,Yellowstone Regional Airport
COK,Kochi,Cochin International Airport
AKJ,Asahikawa,Asahikawa Airport
PHX,Phoenix,Phoenix Sky Harbor International Airport
COO,Cotonou,Cadjehoun Airport
AKL,Auckland,Auckland International Airport
GWT,Westerland,Westerland Sylt Airport
COS,Colorado Springs,City of Colorado Springs Municipal Airport
RMA,Roma,Roma Airport
PIA,Peoria,General Wayne A. Downing Peoria International Airport
AKU,Aksu,Aksu Airport
LAD,Luanda,Quatro de Fevereiro Airport
PIH,Pocatello,Pocatello Regional Airport
ALA,Alma-ata,Almaty Airport
ALB,Albany,Albany International Airport
ALC,Alicante,Alicante International Airport
LAN,Lansing,Capital City Airport
PIR,Pierre,Pierre Regional Airport
CPH,Copenhagen,Copenhagen Kastrup Airport
PIT,Pittsburgh,Pittsburgh International Airport
ALF,Alta,Alta Airport
PIS,Poitiers,Poitiers-Biard Airport
ALG,Algier,Houari Boumediene Airport
LAR,Laramie,Laramie Regional Airport
LAS,Las Vegas,McCarran International Airport
LAX,Los Angeles,Los Angeles International Airport
TRC,Torreon,Francisco Sarabia International Airport
CPR,Casper,Casper-Natrona County International Airport
CPT,Cape Town,Cape Town International Airport
TRD,Trondheim,Trondheim Airport Vaernes
ALS,Alamosa,San Luis Valley Regional Bergman Field
LBA,Leeds,Leeds Bradford Airport
TRI,BRISTOL,Tri Cities Regional Tn Va Airport
LBB,Lubbock,Lubbock Preston Smith International Airport
VVO,Vladivostok,Vladivostok International Airport
LBD,Khudzhand,Khudzhand Airport
TRN,Torino,Turin Airport
GYE,Guayaquil,Jose Joaquin de Olmedo International Airport
RNO,Reno,Reno Tahoe International Airport
GYD,Baku,Heydar Aliyev International Airport
TRS,Ronchi De Legionari,Trieste-Friuli Venezia Giulia Airport
AMA,Amarillo,Rick Husband Amarillo International Airport
RNS,Rennes,Rennes-Saint-Jacques Airport
EUG,Eugene,Mahlon Sweet Field
LBL,Liberal,Liberal Mid-America Regional Airport
AMD,Ahmedabad,Sardar Vallabhbhai Patel International Airport
TRV,Trivandrum,Trivandrum International Airport
GYN,Goiania,Santa Genoveva Airport
LBV,Libreville,Libreville Leon M'ba International Airport
AMM,Amman,Queen Alia International Airport
TSA,Taipei,Taipei Songshan Airport
ROB,Monrovia,Roberts International Airport
ROA,Roanoke VA,Roanoke-Blacksburg Regional Airport
PKB,PARKERSBURG,Mid Ohio Valley Regional Airport
AMS,Amsterdam,Amsterdam Airport Schiphol
TSE,Tselinograd,Astana International Airport
ROC,Rochester,Greater Rochester International Airport
NGB,Ninbo,Ningbo Lishe International Airport
TSJ,Tsushima,Tsushima Airport
LCA,Larnaca,Larnaca International Airport
TSN,Tianjin,Tianjin Binhai International Airport
ROK,Rockhampton,Rockhampton Airport
LCH,Lake Charles,Lake Charles Regional Airport
TSR,Timisoara,Timisoara Traian Vuia Airport
ROP,Rota,Rota International Airport
ROR,Babelthuap,Babelthuap Airport
TSV,Townsville,Townsville Airport
ANC,Anchorage,Ted Stevens Anchorage International Airport
ROS,Rosario,Islas Malvinas Airport
NGO,Nagoya,Chubu Centrair International Airport
ROV,Rostov,Rostov-on-Don Airport
NGS,Nagasaki,Nagasaki Airport
EVN,Yerevan,Zvartnots International Airport
GZP,Alanya,Gazipasa Airport
CRK,Angeles City,Clark International Airport
GZT,Gaziantep,Gaziantep International Airport
CRP,Corpus Christi,Corpus Christi International Airport
LCY,London,London City Airport
EVV,Evansville,Evansville Regional Airport
ANR,Antwerp,Antwerp International Airport (Deurne)
ANU,Antigua,V.C. Bird International Airport
CRW,Charleston,Yeager Airport
TTJ,Tottori,Tottori Airport
LDB,Londrina,Governador Jose Richa Airport
LDH,Lord Howe Island,Lord Howe Island Airport
PLO,Port Lincoln,Port Lincoln Airport
PLN,Pellston,Pellston Regional Airport of Emmet County Airport
PLS,Providenciales,Providenciales Airport
CSG,Columbus,Columbus Metropolitan Airport
AOE,Eskissehir,Anadolu Airport
AOG,Anshan,Anshan Air Base
LDS,Yinchun,Lindu Airport
AOI,Ancona,Ancona Falconara Airport
EWN,New Bern,Coastal Carolina Regional Airport
PLZ,Port Elizabeth,Port Elizabeth Airport
EWR,Newark,Newark Liberty International Airport
AOO,Altoona,Altoona Blair County Airport
LEA,Learmonth,Learmonth Airport
CSX,Changcha,Changsha Huanghua International Airport
LED,St. Petersburg,Pulkovo Airport
TUL,Tulsa,Tulsa International Airport
TUN,Tunis,Tunis Carthage International Airport
PMI,Palma de Mallorca,Palma De Mallorca Airport
JAC,Jacksn Hole,Jackson Hole Airport
LEJ,Leipzig,Leipzig Halle Airport
CTA,Catania,Catania-Fontanarossa Airport
NIM,Niamey,Diori Hamani International Airport
PMO,Palermo,Falcone-Borsellino Airport
TUS,Tucson,Tucson International Airport
JAN,Jackson,Jackson-Medgar Wiley Evers International Airport
CTG,Cartagena,Rafael Nunez International Airport
CTL,Charlieville,Charleville Airport
PMW,Palmas,Brigadeiro Lysias Rodrigues Airport
LEX,Lexington KY,Blue Grass Airport
APN,Alpena,Alpena County Regional Airport
EXT,Exeter,Exeter International Airport
JAX,Jacksonville,Jacksonville International Airport
TVC,Traverse City,Cherry Capital Airport
CTS,Sapporo,New Chitose Airport
CTU,Chengdu,Chengdu Shuangliu International Airport
PNI,Pohnpei,Pohnpei International Airport
PNH,Phnom-penh,Phnom Penh International Airport
NJF,Najaf,Al Najaf International Airport
PNQ,Pune,Pune Airport
PNS,Pensacola,Pensacola Regional Airport
PNR,Pointe-noire,Pointe Noire Airport
AQG,Anqing,Anqing Tianzhushan Airport
AQJ,Aqaba,Aqaba King Hussein International Airport
CUL,Culiacan,Bachigualato Federal International Airport
LFT,Lafayette,Lafayette Regional Airport
LFW,Lome,Lome-Tokoin Airport
CUN,Cancun,Cancun International Airport
AQP,Arequipa,Rodriguez Ballon International Airport
CUR,Willemstad,Hato International Airport
CUU,Chihuahua,General Roberto Fierro Villalobos International Airport
EYW,Key West,Key West International Airport
TWF,Twin Falls,Joslin Field Magic Valley Regional Airport
POA,Porto Alegre,Salgado Filho Airport
LGB,Long Beach,Long Beach /Daugherty Field/ Airport
NKC,Nouakschott,Nouakchott International Airport
LGA,New York,La Guardia Airport
CUZ,Cuzco,Alejandro Velasco Astete International Airport
NKG,Nanjing,Nanjing Lukou Airport
LGG,Liege,Liege Airport
POM,Port Moresby,Port Moresby Jacksons International Airport
POP,Puerto Plata,Gregorio Luperon International Airport
EZE,Buenos Aires,Ministro Pistarini International Airport
RST,Rochester,Rochester International Airport
POS,Port-of-spain,Piarco International Airport
CVG,Cincinnati,Cincinnati Northern Kentucky International Airport
RSW,Fort Myers,Southwest Florida International Airport
POZ,Poznan,Poznan-Lawica Airport
ARM,Armidale,Armidale Airport
LGW,London,London Gatwick Airport
ARN,Stockholm,Stockholm-Arlanda Airport
EZS,Elazig,Elazig Airport
RTB,Roatan,Juan Manuel Galvez International Airport
NLA,Ndola,Simon Mwansa Kapwepwe International Airport
LHE,Lahore,Alama Iqbal International Airport
TXL,Berlin,Berlin-Tegel International Airport
YAP,Yap,Yap International Airport
RTM,Rotterdam,Rotterdam The Hague Airport
TXN,Huangshan,Tunxi International Airport
CWA,Wassau,Central Wisconsin Airport
CWB,Curitiba,Afonso Pena Airport
ASB,Ashkhabad,Ashgabat Airport
ASE,Aspen,Aspen-Pitkin Co/Sardy Field
ASF,Astrakhan,Astrakhan Airport
PPT,Papeete,Faa'a International Airport
LHR,London,London Heathrow Airport
NLT,Xinyuan,Xinyuan Nalati Airport
CWL,Cardiff,Cardiff International Airport
LHW,Lanzhou,Lanzhou Zhongchuan Airport
ASP,Alice Springs,Alice Springs Airport
ASR,Kayseri,Kayseri Erkilet Airport
ASU,Asuncion,Silvio Pettirossi International Airport
RUH,Riyadh,King Khaled International Airport
JED,Jeddah,King Abdulaziz International Airport
TYN,Taiyuan,Taiyuan Wusu Airport
RUN,St.-denis,Roland Garros Airport
LIH,Lihue,Lihue Airport
LIG,Limoges,Limoges Airport
HAC,Hachijojima,Hachijojima Airport
TYR,Tyler,Tyler Pounds Regional Airport
HAH,Moroni,Prince Said Ibrahim International Airport
LIL,Lille,Lille-Lesquin Airport
TYS,Knoxville,McGhee Tyson Airport
HAJ,Hannover,Hannover Airport
LIN,Milan,Milano Linate Airport
LIM,Lima,Jorge Chavez International Airport
PQQ,Port Macquarie,Port Macquarie Airport
HAK,Haikou,Haikou Meilan International Airport
LIR,Liberia,Daniel Oduber Quiros International Airport
HAN,Hanoi,Noi Bai International Airport
HAM,Hamburg,Hamburg Airport
CXI,Kiritimati,Cassidy International Airport
ATH,Athens,Eleftherios Venizelos International Airport
JER,Jersey,Jersey Airport
LIT,Little Rock,Bill & Hillary Clinton National Airport/Adams Field
LIS,Lisbon,Lisbon Portela Airport
ATL,Atlanta,Hartsfield Jackson Atlanta International Airport
HAV,Havana,Jose Marti International Airport
ATQ,Amritsar,Sri Guru Ram Dass Jee International Airport
PRG,Prague,Vaclav Havel Airport Prague
ATW,Appleton,Appleton International Airport
HBA,Hobart,Hobart International Airport
NNG,Nanning,Nanning Wuxu Airport
LJG,Lijiang,Lijiang Airport
HBE,Alexandria,Borg El Arab International Airport
YCU,Yuncheng,Yuncheng Guangong Airport
PRN,Pristina,Pristina International Airport
AUA,Oranjestad,Queen Beatrix International Airport
JFK,New York,John F Kennedy International Airport
TZX,Trabzon,Trabzon International Airport
AUH,Abu Dhabi,Abu Dhabi International Airport
LJU,Ljubljana,Ljubljana Joze Pucnik Airport
NNY,Nanyang,Nanyang Jiangying Airport
CYS,Cheyenne,Cheyenne Regional Jerry Olson Field
PSA,Pisa,Pisa International Airport
AUS,Austin,Austin Bergstrom International Airport
PSC,Pasco,Tri Cities Airport
PSP,Palm Springs,Palm Springs International Airport
AVA,Anshun,Anshun Huangguoshu Airport
NOU,Noumea,La Tontouta International Airport
CZM,Cozumel,Cozumel International Airport
AVL,Asheville,Asheville Regional Airport
YEG,Edmonton,Edmonton International Airport
AVP,Scranton,Wilkes Barre Scranton International Airport
CZX,Changzhou,Changzhou Benniu Airport
JHG,Jinghonggasa,Xishuangbanna Gasa Airport
HDG,Handan,Handan Airport
WAW,Warsaw,Warsaw Chopin Airport
PTP,Pointe-a-pitre,Pointe-a-Pitre Le Raizet
HDN,Hayden,Yampa Valley Airport
PTY,Panama City,Tocumen International Airport
LLW,Lilongwe,Lilongwe International Airport
JHW,Jamestown,Chautauqua County-Jamestown Airport
PUB,Pueblo,Pueblo Memorial Airport
PUF,Pau,Pau Pyrenees Airport
JIB,Djibouti,Djibouti-Ambouli Airport
PUJ,Punta Cana,Punta Cana International Airport
PUQ,Punta Arenas,Pdte. carlos Ibanez del Campo Airport
HEL,Helsinki,Helsinki Vantaa Airport
PUS,Busan,Gimhae International Airport
HEK,Heihe,Heihe Airport
LMT,Klamath Falls,Klamath Falls Airport
HER,Heraklion,Heraklion International Nikos Kazantzakis Airport
PUY,Pula,Pula Airport
FAO,Faro,Faro Airport
FAR,Fargo,Hector International Airport
HET,Hohhot,Baita International Airport
NQY,Newquai,Newquay Cornwall Airport
JIU,Jiujiang,Jiujiang Lushan Airport
FAT,Fresno,Fresno Yosemite International Airport
RZE,Rzeszow,Rzeszow-Jasionka Airport
YGJ,Miho,Miho Yonago Airport
AXT,Akita,Akita Airport
PVD,Providence,Theodore Francis Green State Airport
FAY,Fayetteville,Fayetteville Regional Grannis Field
PVG,Shanghai,Shanghai Pudong International Airport
PVH,Porto Velho,Governador Jorge Teixeira de Oliveira Airport
HFE,Hefei,Hefei Luogang International Airport
LNK,Lincoln,Lincoln Airport
PVR,Puerto Vallarta,Licenciado Gustavo Diaz Ordaz International Airport
JJN,Quanzhou,Quanzhou Jinjiang International Airport
FBM,Lubumashi,Lubumbashi International Airport
NRT,Tokyo,Narita International Airport
LNZ,Linz,Linz Horsching Airport
AYQ,Uluru,Ayers Rock Connellan Airport
WDH,Windhoek,Hosea Kutako International Airport
AYT,Antalya,Antalya International Airport
FCA,Kalispell,Glacier Park International Airport
NSI,Yaounde,Yaounde Nsimalen International Airport
PWM,Portland,Portland International Jetport Airport
HGH,Hangzhou,Hangzhou Xiaoshan International Airport
YHZ,Halifax,Halifax / Stanfield International Airport
LOS,Lagos,Murtala Muhammed International Airport
FCO,Rome,Leonardo da Vinci-Fiumicino Airport
AZO,Kalamazoo,Kalamazoo Battle Creek International Airport
YIH,Yichang,Yichang Sanxia Airport
WEI,Weipa,Weipa Airport
NTE,Nantes,Nantes Atlantique Airport
YIN,Yining,Yining Airport
LPI,Linkoeping,Linkoping City Airport
YIW,Yiwu,Yiwu Airport
NTL,Newcastle,Newcastle Airport
FDF,Fort-de-france,Martinique Aime Cesaire International Airport
NTQ,Wajima,Noto Airport
FDH,Friedrichshafen,Friedrichshafen Airport
LPQ,Luang Prabang,Luang Phabang International Airport
UBJ,Yamaguchi,Yamaguchi Ube Airport
NUE,Nuernberg,Nuremberg Airport
HIB,Hibbing,Range Regional Airport
HID,Horn Island,Horn Island Airport
DAB,Daytona Beach,Daytona Beach International Airport
DAD,Danang,Da Nang International Airport
DAC,Dhaka,Dhaka / Hazrat Shahjalal International Airport
HIJ,Hiroshima,Hiroshima Airport
JMK,Mykonos,Mikonos Airport
DAL,Dallas,Dallas Love Field
WGA,Wagga Wagga,Wagga Wagga City Airport
JMU,Jiamusi,Jiamusi Airport
DAR,Dar Es Salaam,Julius Nyerere International Airport
DAT,Datong,Datong Airport
DAY,Dayton,James M Cox Dayton International Airport
LRE,Longreach,Longreach Airport
JNB,Johannesburg,OR Tambo International Airport
LRD,Laredo,Laredo International Airport
JNG,Jining,Jining Qufu Airport
LRH,La Rochelle,La Rochelle-Ile de Re Airport
HJJ,Zhijiang,Zhijiang Airport
NVT,Navegantes,Ministro Victor Konder International Airport
DBO,Dubbo,Dubbo City Regional Airport
JNU,Juneau,Juneau International Airport
DBV,Dubrovnik,Dubrovnik Airport
UDI,Uberlandia,Ten. Cel. Aviador Cesar Bombonato Airport
LSE,La Crosse,La Crosse Municipal Airport
HKD,Hakodate,Hakodate Airport
NWI,Norwich,Norwich International Airport
DCA,Washington,Ronald Reagan Washington National Airport
YLW,Kelowna,Kelowna International Airport
JOI,Joinville,Lauro Carneiro de Loyola Airport
HKG,Hong Kong,Chek Lap Kok International Airport
LST,Launceston,Launceston Airport
HKT,Phuket,Phuket International Airport
YMM,Fort Mcmurray,Fort McMurray Airport
SAF,Santa Fe,Santa Fe Municipal Airport
JPA,Joao Pessoa,Presidente Castro Pinto International Airport
SAH,Sanaa,Sana'a International Airport
SAL,San Salvador,El Salvador International Airport
SAN,San Diego,San Diego International Airport
DDC,Dodge City,Dodge City Regional Airport
SAP,San Pedro Sula,Ramon Villeda Morales International Airport
SAT,San Antonio,San Antonio International Airport
SAW,Istanbul,Sabiha Gokcen International Airport
SAV,Savannah,Savannah Hilton Head International Airport
HLN,Helena,Helena Regional Airport
YNB,Yenbo,Prince Abdulmohsin Bin Abdulaziz Airport
UFA,Ufa,Ufa International Airport
SBA,Santa Barbara,Santa Barbara Municipal Airport
YNJ,Yanji,Yanji Chaoyangchuan Airport
YNT,Yantai,Yantai Laishan Airport
SBN,South Bend,South Bend Regional Airport
SBP,San Luis Obispo,San Luis County Regional Airport
LUN,Lusaka,Kenneth Kaunda International Airport Lusaka
FIH,Kinshasa,Ndjili International Airport
YNZ,Yancheng,Yancheng Airport
HMI,Hami,Hami Airport
BAH,Bahrain,Bahrain International Airport
SBZ,Sibiu,Sibiu International Airport
DEL,Delhi,Indira Gandhi International Airport
HMO,Hermosillo,General Ignacio P. Garcia International Airport
DEN,Denver,Denver International Airport
BAL,Batman,Batman Airport
LUX,Luxemburg,Luxembourg-Findel International Airport
BAQ,Barranquilla,Ernesto Cortissoz International Airport
SCE,State College Pennsylvania,University Park Airport
WKJ,Wakkanai,Wakkanai Airport
BAV,Baotou,Baotou Airport
SCL,Santiago,Comodoro Arturo Merino Benitez International Airport
LVI,Livingstone,Livingstone Airport
SCN,Saarbruecken,Saarbrucken Airport
HND,Tokyo,Tokyo Haneda International Airport
